Postalcode,Title,Population
M4N,"2021A0011M4N - Population, 2021 - Counts - Total",16058.0
M4P,"2021A0011M4P - Population, 2021 - Counts - Total",25057.0
M4R,"2021A0011M4R - Population, 2021 - Counts - Total",11909.0
M4S,"2021A0011M4S - Population, 2021 - Counts - Total",30754.0
M4T,"2021A0011M4T - Population, 2021 - Counts - Total",10332.0
M4V,"2021A0011M4V - Population, 2021 - Counts - Total",19273.0
M5N,"2021A0011M5N - Population, 2021 - Counts - Total",16154.0
M5P,"2021A0011M5P - Population, 2021 - Counts - Total",19791.0
M5R,"2021A0011M5R - Population, 2021 - Counts - Total",26197.0
M4W,"2021A0011M4W - Population, 2021 - Counts - Total",15296.0
M4X,"2021A0011M4X - Population, 2021 - Counts - Total",19896.0
M4Y,"2021A0011M4Y - Population, 2021 - Counts - Total",36319.0
M5A,"2021A0011M5A - Population, 2021 - Counts - Total",48978.0
M5B,"2021A0011M5B - Population, 2021 - Counts - Total",17422.0
M5C,"2021A0011M5C - Population, 2021 - Counts - Total",3149.0
M5E,"2021A0011M5E - Population, 2021 - Counts - Total",11779.0
M5G,"2021A0011M5G - Population, 2021 - Counts - Total",9751.0
M5H,"2021A0011M5H - Population, 2021 - Counts - Total",3248.0
M5J,"2021A0011M5J - Population, 2021 - Counts - Total",16879.0
M5S,"2021A0011M5S - Population, 2021 - Counts - Total",17074.0
M5T,"2021A0011M5T - Population, 2021 - Counts - Total",17903.0
M5V,"2021A0011M5V - Population, 2021 - Counts - Total",59912.0
M6G,"2021A0011M6G - Population, 2021 - Counts - Total",30600.0
M4E,"2021A0011M4E - Population, 2021 - Counts - Total",25473.0
M4K,"2021A0011M4K - Population, 2021 - Counts - Total",30913.0
M4L,"2021A0011M4L - Population, 2021 - Counts - Total",32218.0
M4M,"2021A0011M4M - Population, 2021 - Counts - Total",25052.0
M4B,"2021A0011M4B - Population, 2021 - Counts - Total",18612.0
M4C,"2021A0011M4C - Population, 2021 - Counts - Total",46440.0
M4G,"2021A0011M4G - Population, 2021 - Counts - Total",19598.0
M4H,"2021A0011M4H - Population, 2021 - Counts - Total",18698.0
M4J,"2021A0011M4J - Population, 2021 - Counts - Total",35128.0
M8V,"2021A0011M8V - Population, 2021 - Counts - Total",44144.0
M8W,"2021A0011M8W - Population, 2021 - Counts - Total",22381.0
M8X,"2021A0011M8X - Population, 2021 - Counts - Total",10624.0
M8Y,"2021A0011M8Y - Population, 2021 - Counts - Total",21986.0
M8Z,"2021A0011M8Z - Population, 2021 - Counts - Total",19312.0
M9A,"2021A0011M9A - Population, 2021 - Counts - Total",36642.0
M9B,"2021A0011M9B - Population, 2021 - Counts - Total",33236.0
M9C,"2021A0011M9C - Population, 2021 - Counts - Total",38725.0
M9P,"2021A0011M9P - Population, 2021 - Counts - Total",20645.0
M9R,"2021A0011M9R - Population, 2021 - Counts - Total",33783.0
M9V,"2021A0011M9V - Population, 2021 - Counts - Total",53878.0
M9W,"2021A0011M9W - Population, 2021 - Counts - Total",40977.0
M2H,"2021A0011M2H - Population, 2021 - Counts - Total",23396.0
M2J,"2021A0011M2J - Population, 2021 - Counts - Total",61761.0
M2K,"2021A0011M2K - Population, 2021 - Counts - Total",25377.0
M2L,"2021A0011M2L - Population, 2021 - Counts - Total",11274.0
M2M,"2021A0011M2M - Population, 2021 - Counts - Total",31915.0
M2N,"2021A0011M2N - Population, 2021 - Counts - Total",75100.0
M2P,"2021A0011M2P - Population, 2021 - Counts - Total",7546.0
M2R,"2021A0011M2R - Population, 2021 - Counts - Total",40581.0
M3A,"2021A0011M3A - Population, 2021 - Counts - Total",34361.0
M3B,"2021A0011M3B - Population, 2021 - Counts - Total",12880.0
M3C,"2021A0011M3C - Population, 2021 - Counts - Total",39616.0
M3H,"2021A0011M3H - Population, 2021 - Counts - Total",38416.0
M3J,"2021A0011M3J - Population, 2021 - Counts - Total",26600.0
M3K,"2021A0011M3K - Population, 2021 - Counts - Total",7865.0
M3L,"2021A0011M3L - Population, 2021 - Counts - Total",19263.0
M3M,"2021A0011M3M - Population, 2021 - Counts - Total",24906.0
M3N,"2021A0011M3N - Population, 2021 - Counts - Total",40846.0
M4A,"2021A0011M4A - Population, 2021 - Counts - Total",14589.0
M5M,"2021A0011M5M - Population, 2021 - Counts - Total",25495.0
M6A,"2021A0011M6A - Population, 2021 - Counts - Total",22380.0
M6B,"2021A0011M6B - Population, 2021 - Counts - Total",28534.0
M6L,"2021A0011M6L - Population, 2021 - Counts - Total",20156.0
M9L,"2021A0011M9L - Population, 2021 - Counts - Total",11737.0
M9M,"2021A0011M9M - Population, 2021 - Counts - Total",24245.0
M7A,"2021A0011M7A - Population, 2021 - Counts - Total",5.0
M1B,"2021A0011M1B - Population, 2021 - Counts - Total",65555.0
M1C,"2021A0011M1C - Population, 2021 - Counts - Total",35642.0
M1E,"2021A0011M1E - Population, 2021 - Counts - Total",48033.0
M1G,"2021A0011M1G - Population, 2021 - Counts - Total",30894.0
M1H,"2021A0011M1H - Population, 2021 - Counts - Total",23964.0
M1J,"2021A0011M1J - Population, 2021 - Counts - Total",37002.0
M1K,"2021A0011M1K - Population, 2021 - Counts - Total",48175.0
M1L,"2021A0011M1L - Population, 2021 - Counts - Total",35833.0
M1M,"2021A0011M1M - Population, 2021 - Counts - Total",23258.0
M1N,"2021A0011M1N - Population, 2021 - Counts - Total",22976.0
M1P,"2021A0011M1P - Population, 2021 - Counts - Total",45170.0
M1R,"2021A0011M1R - Population, 2021 - Counts - Total",30467.0
M1S,"2021A0011M1S - Population, 2021 - Counts - Total",37663.0
M1T,"2021A0011M1T - Population, 2021 - Counts - Total",34607.0
M1V,"2021A0011M1V - Population, 2021 - Counts - Total",50825.0
M1W,"2021A0011M1W - Population, 2021 - Counts - Total",47070.0
M1X,"2021A0011M1X - Population, 2021 - Counts - Total",14810.0
M6H,"2021A0011M6H - Population, 2021 - Counts - Total",43730.0
M6J,"2021A0011M6J - Population, 2021 - Counts - Total",32111.0
M6K,"2021A0011M6K - Population, 2021 - Counts - Total",42110.0
M6P,"2021A0011M6P - Population, 2021 - Counts - Total",39870.0
M6R,"2021A0011M6R - Population, 2021 - Counts - Total",19349.0
M6S,"2021A0011M6S - Population, 2021 - Counts - Total",34029.0
M6C,"2021A0011M6C - Population, 2021 - Counts - Total",23997.0
M6E,"2021A0011M6E - Population, 2021 - Counts - Total",37684.0
M6M,"2021A0011M6M - Population, 2021 - Counts - Total",42148.0
M6N,"2021A0011M6N - Population, 2021 - Counts - Total",40252.0
M9N,"2021A0011M9N - Population, 2021 - Counts - Total",26059.0
